{"stat.chestOpened":3,"stat.craftItem.minecraft.stone_shovel":1,"stat.walkOneCm":27382,"stat.leaveGame":4,"stat.mineBlock.minecraft.cobblestone":4,"stat.useItem.minecraft.cobblestone":2,"stat.pickup.minecraft.log":5,"stat.jump":114,"stat.fallOneCm":2092,"stat.mineBlock.minecraft.golden_rail":4,"stat.useItem.minecraft.stone_axe":4,"stat.crouchOneCm":998,"stat.pickup.minecraft.rail":4,"stat.pickup.minecraft.dirt":6,"stat.sprintOneCm":31043,"stat.craftItem.minecraft.stick":8,"stat.craftingTableInteraction":3,"stat.craftItem.minecraft.planks":4,"stat.craftItem.minecraft.stone_axe":1,"stat.brewingstandInteraction":1,"stat.damageTaken":350,"stat.craftItem.minecraft.stone_pickaxe":1,"stat.useItem.minecraft.wooden_pickaxe":5,"stat.pickup.minecraft.cobblestone":14,"stat.mobKills":1,"stat.mineBlock.minecraft.log":5,"stat.useItem.minecraft.stone_shovel":6,"stat.craftItem.minecraft.stone_sword":1,"stat.flyOneCm":23845,"stat.playOneMinute":12655,"stat.useItem.minecraft.stone_pickaxe":13,"stat.sneakTime":636,"stat.useItem.minecraft.stone_sword":5,"stat.damageDealt":233,"stat.timeSinceDeath":12523,"stat.mineBlock.minecraft.dirt":9,"stat.craftItem.minecraft.wooden_pickaxe":1,"stat.mineBlock.minecraft.stone":10,"stat.pickup.minecraft.golden_rail":4}