{"stats":{"minecraft:mined":{"minecraft:birch_log":10,"minecraft:stone":32,"minecraft:crafting_table":1},"minecraft:custom":{"minecraft:time_since_rest":5174,"minecraft:crouch_one_cm":3910,"minecraft:play_time":5174,"minecraft:sprint_one_cm":1441,"minecraft:damage_taken":60,"minecraft:walk_one_cm":8345,"minecraft:sneak_time":1293,"minecraft:jump":44,"minecraft:time_since_death":5174,"minecraft:total_world_time":5174,"minecraft:interact_with_crafting_table":5,"minecraft:fall_one_cm":1555,"minecraft:fly_one_cm":3496},"minecraft:used":{"minecraft:stone_axe":3,"minecraft:crafting_table":1,"minecraft:stone_pickaxe":29,"minecraft:wooden_pickaxe":3},"minecraft:picked_up":{"minecraft:birch_log":10,"minecraft:crafting_table":1,"crabbersdelight:crab":1,"minecraft:cobblestone":32,"minecraft:moss_carpet":1},"minecraft:crafted":{"minecraft:stone_sword":1,"minecraft:birch_planks":32,"minecraft:stone_axe":1,"minecraft:crafting_table":1,"minecraft:stick":12,"minecraft:wooden_pickaxe":1,"minecraft:stone_pickaxe":1}},"DataVersion":3465}