{"stat.chestOpened":30,"stat.craftItem.minecraft.sign":3,"stat.pickup.minecraft.sign":2,"stat.leaveGame":3,"stat.mineBlock.minecraft.cobblestone":6,"stat.mineBlock.minecraft.deadbush":1,"stat.craftItem.minecraft.wool":3,"stat.craftItem.minecraft.string":15,"stat.jump":351,"stat.craftItem.xlfoodmod.vanilla_extract":2,"stat.fallOneCm":2190,"stat.useItem.minecraft.planks":1,"stat.mineBlock.minecraft.web":1,"stat.crouchOneCm":8989,"stat.pickup.ldoh.clothing_fabric":25,"stat.craftItem.minecraft.iron_ingot":20,"stat.pickup.minecraft.dirt":14,"stat.useItem.minecraft.dirt":3,"stat.useItem.minecraft.stone_slab2":16,"stat.craftingTableInteraction":13,"stat.pickup.minecraft.iron_ore":33,"stat.pickup.minecraft.rotten_flesh":21,"stat.craftItem.minecraft.furnace":1,"stat.brewingstandInteraction":3,"stat.damageTaken":88,"stat.craftItem.minecraft.stone_pickaxe":1,"stat.mineBlock.minecraft.torch":4,"stat.pickup.minecraft.cobblestone":51,"stat.craftItem.minecraft.stone_sword":1,"stat.flyOneCm":3842,"stat.pickup.minecraft.bed":5,"stat.pickup.minecraft.potato":1,"stat.useItem.minecraft.stone_pickaxe":88,"stat.pickup.ldoh.syringe":1,"stat.useItem.minecraft.stone_sword":91,"stat.damageDealt":5120,"stat.pickup.minecraft.redstone":19,"stat.mineBlock.minecraft.iron_ore":33,"stat.sleepInBed":1,"stat.timeSinceDeath":51899,"stat.mineBlock.minecraft.dirt":7,"stat.useItem.minecraft.iron_pickaxe":8,"stat.useItem.minecraft.sign":2,"stat.mineBlock.xlfoodmod.vanilla_flower":2,"stat.walkOneCm":202321,"stat.craftItem.minecraft.bed":1,"stat.useItem.minecraft.bread":1,"stat.useItem.minecraft.chest":2,"stat.pickup.minecraft.iron_nugget":10,"stat.pickup.xlfoodmod.baguette":2,"stat.useItem.minecraft.cobblestone":8,"stat.furnaceInteraction":15,"stat.craftItem.minecraft.crafting_table":1,"stat.pickup.rafradek_tf2_weapons.ammo":6,"stat.pickup.realistictorches.torch_unlit":2,"stat.pickup.minecraft.log":5,"stat.pickup.minecraft.string":1,"stat.drop.minecraft.sign":2,"stat.craftItem.minecraft.stone_slab2":0,"stat.craftItem.minecraft.iron_chestplate":2,"stat.mineBlock.minecraft.wool":10,"stat.sprintOneCm":5247,"stat.pickup.xlfoodmod.vanilla_flower":2,"stat.pickup.minecraft.skull":1,"stat.craftItem.minecraft.stick":4,"stat.craftItem.minecraft.planks":28,"stat.mineBlock.minecraft.diamond_ore":4,"stat.pickup.minecraft.bread":1,"stat.mobKills":25,"stat.pickup.minecraft.fermented_spider_eye":6,"stat.mineBlock.minecraft.log":5,"stat.pickup.minecraft.diamond":4,"stat.drop":1,"stat.playOneMinute":51899,"stat.pickup.minecraft.torch":4,"stat.mineBlock.minecraft.redstone_ore":4,"stat.sneakTime":4337,"stat.craftItem.minecraft.iron_pickaxe":1,"stat.pickup.minecraft.wool":10,"stat.killEntity.Zombie":22,"stat.mineBlock.minecraft.stone":49}