{"stat.chestOpened":48,"stat.walkOneCm":135146,"stat.useItem.minecraft.chest":3,"stat.craftItem.minecraft.ladder":3,"stat.pickup.minecraft.sign":3,"stat.leaveGame":1,"stat.mineBlock.minecraft.cobblestone":9,"stat.pickup.minecraft.crafting_table":1,"stat.furnaceInteraction":29,"stat.drop.minecraft.dirt":2,"stat.pickup.realistictorches.torch_unlit":11,"stat.craftItem.minecraft.coal":6,"stat.pickup.minecraft.log":6,"stat.useItem.realistictorches.torch_unlit":1,"stat.jump":243,"stat.useItem.minecraft.rabbit_stew":1,"stat.mineBlock.minecraft.ladder":1,"stat.fallOneCm":1792,"stat.craftItem.minecraft.shield":1,"stat.pickup.minecraft.furnace":1,"stat.useItem.realistictorches.torch_lit":7,"stat.useItem.minecraft.stone_axe":12,"stat.craftItem.minecraft.stone_slab2":0,"stat.crouchOneCm":549,"stat.mineBlock.minecraft.chest":2,"stat.mineBlock.realistictorches.torch_unlit":3,"stat.craftItem.minecraft.iron_ingot":45,"stat.pickup.minecraft.dirt":2,"stat.useItem.minecraft.cookie":1,"stat.craftItem.minecraft.iron_helmet":2,"stat.sprintOneCm":14746,"stat.useItem.minecraft.stone_slab2":8,"stat.pickup.minecraft.iron_chestplate":1,"stat.mineBlock.realistictorches.torch_lit":8,"stat.pickup.minecraft.ladder":1,"stat.craftingTableInteraction":7,"stat.pickup.minecraft.iron_ore":50,"stat.craftItem.minecraft.stone_axe":1,"stat.craftItem.minecraft.iron_boots":2,"stat.brewingstandInteraction":1,"stat.damageTaken":3,"stat.mineBlock.minecraft.crafting_table":1,"stat.pickup.xlfoodmod.salt":12,"stat.craftItem.minecraft.stone_pickaxe":1,"stat.mineBlock.minecraft.furnace":1,"stat.pickup.minecraft.cobblestone":59,"stat.mineBlock.minecraft.log":6,"stat.flyOneCm":14853,"stat.drop":2,"stat.playOneMinute":50134,"stat.useItem.minecraft.stone_pickaxe":111,"stat.useItem.minecraft.ladder":1,"stat.sneakTime":430,"stat.craftItem.minecraft.iron_leggings":2,"stat.mineBlock.minecraft.iron_ore":50,"stat.sleepInBed":1,"stat.timeSinceDeath":50134,"stat.mineBlock.xlfoodmod.rock_salt":5,"stat.mineBlock.minecraft.dirt":4,"stat.useItem.minecraft.sign":2,"stat.mineBlock.minecraft.stone":46,"stat.pickup.minecraft.chest":2}