{"stats":{"minecraft:mined":{"minecraft:grass_block":1,"minecraft:birch_log":6,"minecraft:stone":7},"minecraft:custom":{"minecraft:time_since_rest":4895,"minecraft:crouch_one_cm":221,"minecraft:play_time":4895,"minecraft:sprint_one_cm":4625,"minecraft:damage_taken":100,"minecraft:walk_one_cm":17416,"minecraft:sneak_time":74,"minecraft:walk_under_water_one_cm":689,"minecraft:jump":48,"minecraft:damage_dealt":20,"minecraft:time_since_death":4895,"minecraft:walk_on_water_one_cm":55,"minecraft:total_world_time":4895,"minecraft:interact_with_crafting_table":1,"minecraft:fall_one_cm":1774,"minecraft:fly_one_cm":7117},"minecraft:crafted":{"minecraft:birch_planks":24,"minecraft:crafting_table":1,"minecraft:stick":4,"minecraft:wooden_pickaxe":1},"minecraft:used":{"minecraft:dirt":1,"minecraft:crafting_table":1,"minecraft:wooden_pickaxe":7},"minecraft:picked_up":{"minecraft:birch_log":6,"minecraft:dirt":1,"minecraft:cobblestone":7}},"DataVersion":3465}